{
    "loss": 10.015410423278809,
    "accuracy": 0.5179855823516846
}